Magic Motors,United Kingdom,1,0,Ferrari,Testarossa,NULL,NULL,NULL,Red,00:00.0,65000,2700,52000,2175,1500,750
Snazzy Roadsters,United Kingdom,1,1,Ferrari,355,NULL,NULL,NULL,Blue,00:00.0,220000,60000,176000,5500,2200,1950
Birmingham Executive Prestige Vehicles,United Kingdom,1,0,Porsche,911,NULL,NULL,NULL,British Racing Green,00:00.0,19500,NULL,15600,660,0,150
WunderKar,Germany,1,0,Porsche,924,NULL,NULL,NULL,British Racing Green,00:00.0,11500,NULL,9200,500,750,150
Casseroles Chromes,France,1,0,Porsche,944,NULL,NULL,NULL,Red,33:00.0,19950,NULL,15960,1360,500,150
Magic Motors,United Kingdom,1,0,Aston Martin,DB4,NULL,NULL,NULL,Night Blue,00:00.0,29500,1250,23600,500,750,150
Birmingham Executive Prestige Vehicles,United Kingdom,1,0,Aston Martin,DB5,NULL,NULL,NULL,Black,00:00.0,49500,2450,39600,2500,1500,550
Eat My Exhaust Ltd,United Kingdom,1,0,Aston Martin,DB6,NULL,NULL,NULL,Canary Yellow,00:00.0,76000,5500,60800,3250,750,750
M. Pierre Dubois,France,0,0,Porsche,911,NULL,NULL,NULL,Blue,00:00.0,19600,NULL,15680,890,500,150
Sondra Horowitz,United States,0,0,Aston Martin,DB5,NULL,NULL,NULL,Blue,00:00.0,36500,2500,29200,1950,500,550
Wonderland Wheels,United Kingdom,1,0,Porsche,944,NULL,NULL,NULL,Blue,00:00.0,8500,50,6800,250,225,150
Vive La Vitesse,France,1,0,Aston Martin,DB6,NULL,NULL,NULL,Night Blue,08:00.0,45000,NULL,36000,1250,750,550
Wonderland Wheels,United Kingdom,1,0,Bentley,Flying Spur,NULL,NULL,NULL,British Racing Green,00:00.0,80500,500,64400,500,750,750
London Executive Prestige Vehicles,United Kingdom,1,1,Ferrari,355,NULL,NULL,NULL,Black,00:00.0,169500,NULL,135600,5500,2200,1950
M. Pierre Dubois,France,0,0,Porsche,944,NULL,NULL,NULL,Green,00:00.0,8950,25,7160,500,750,150
Glittering Prize Cars Ltd,United Kingdom,1,0,Ferrari,Testarossa,NULL,NULL,NULL,Green,00:00.0,195000,NULL,156000,6000,1500,1950
La Bagnole de Luxe,France,1,0,Mercedes,280SL,NULL,NULL,NULL,Red,37:00.0,22950,950,18360,550,500,150
Convertible Dreams,United Kingdom,1,0,Alfa Romeo,Giulia,Sprint,NULL,NULL,Red,00:00.0,8695,95,6956,400,750,150
Alexei Tolstoi,United Kingdom,0,0,Jaguar,XK150,NULL,NULL,NULL,Night Blue,00:00.0,22990,NULL,18392,390,150,150
SuperSport S.A.R.L.,France,1,1,Jaguar,XJS,NULL,NULL,NULL,Silver,00:00.0,19500,1500,15600,290,750,150
SuperSport S.A.R.L.,France,1,1,Aston Martin,DB6,NULL,NULL,NULL,Canary Yellow,00:00.0,56000,NULL,44800,1785,500,550
Silver HubCaps,United Kingdom,1,0,Porsche,944,NULL,NULL,NULL,Blue,00:00.0,8800,500,7040,140,750,150
Theo Kowalski,United States,0,0,Triumph,TR4,NULL,NULL,NULL,Night Blue,00:00.0,5500,500,4400,500,750,150
Peter McLuckie,United Kingdom,0,0,Triumph,TR5,NULL,NULL,NULL,Green,00:00.0,12650,NULL,10120,320,750,150
Honest Pete Motors,United Kingdom,1,0,Ferrari,355,NULL,NULL,NULL,British Racing Green,00:00.0,156500,NULL,125200,2200,3150,1950
Posh Vehicles Ltd,United Kingdom,1,0,Porsche,924,NULL,NULL,NULL,Black,00:00.0,8950,950,7160,360,750,150
Raimondo Delattre,Switzerland,0,0,Bentley,Flying Spur,NULL,NULL,NULL,Red,00:00.0,55450,1500,44360,490,225,550
Peter McLuckie,United Kingdom,0,0,Jaguar,XK120,NULL,NULL,NULL,Red,00:00.0,15600,NULL,12480,1100,500,150
Alexei Tolstoi,United Kingdom,0,0,Jaguar,XJS,NULL,NULL,NULL,Red,00:00.0,22600,600,18080,660,750,150
Theo Kowalski,United States,0,0,Aston Martin,Virage,NULL,NULL,NULL,Black,00:00.0,123590,2450,98872,2175,2200,750
Convertible Dreams,United Kingdom,1,0,Porsche,911,NULL,NULL,NULL,Black,00:00.0,22950,50,18360,500,750,150
Alexei Tolstoi,United Kingdom,0,0,Aston Martin,DB6,NULL,NULL,NULL,Silver,00:00.0,69500,NULL,55600,1490,1500,750
Le Luxe en Motion,Switzerland,1,1,Triumph,TR4,NULL,NULL,NULL,Silver,00:00.0,12500,NULL,10000,500,225,150
Eat My Exhaust Ltd,United Kingdom,1,0,Porsche,944,NULL,NULL,NULL,Black,00:00.0,12500,1500,10000,500,750,150
Sondra Horowitz,United States,0,0,Ferrari,355,NULL,NULL,NULL,Silver,00:00.0,159500,NULL,127600,2000,3150,1950
Wonderland Wheels,United Kingdom,1,0,Ferrari,Testarossa,NULL,NULL,NULL,Night Blue,00:00.0,165000,5000,132000,3950,2200,1950
M. Pierre Dubois,France,0,0,Alfa Romeo,Giulia,Sprint,NULL,NULL,British Racing Green,00:00.0,2550,50,2040,500,750,150
Posh Vehicles Ltd,United Kingdom,1,0,Porsche,911,NULL,NULL,NULL,Black,00:00.0,29500,NULL,23600,1360,500,150
Jason B. Wight,United States,0,0,Porsche,944,NULL,NULL,NULL,Night Blue,00:00.0,12650,500,10120,500,750,150
Silver HubCaps,United Kingdom,1,0,Bentley,Continental,NULL,NULL,NULL,Pink,00:00.0,56950,NULL,45560,2000,750,550
Stan Collywobble,United Kingdom,0,1,Aston Martin,DB6,NULL,NULL,NULL,British Racing Green,00:00.0,56000,NULL,44800,1360,500,550
Glitz,Germany,1,0,Bentley,Flying Spur,NULL,NULL,NULL,Canary Yellow,00:00.0,65890,750,52712,1490,1500,750
Glitz,Germany,1,0,Alfa Romeo,Giulia,Sprint,NULL,NULL,British Racing Green,00:00.0,6000,NULL,4800,500,750,150
SuperSport S.A.R.L.,France,1,1,Porsche,924,NULL,NULL,NULL,Green,00:00.0,39500,2450,31600,500,1500,550
Magic Motors,United Kingdom,1,0,Lamborghini,Countach,NULL,NULL,NULL,Green,10:00.0,3650,NULL,2920,500,750,150
Matterhorn Motors,Switzerland,1,0,Lamborghini,Diabolo,NULL,NULL,NULL,Blue,00:00.0,220500,NULL,176400,5500,3150,1950
King Leer Cars,United Kingdom,1,0,Ferrari,Mondial,NULL,NULL,NULL,Black,00:00.0,102950,2450,82360,2175,2200,750
Jason B. Wight,United States,0,0,Porsche,911,NULL,NULL,NULL,British Racing Green,00:00.0,17500,NULL,14000,2000,500,150
Glitz,Germany,1,0,Ferrari,360,NULL,NULL,NULL,Black,00:00.0,99500,500,79600,500,750,750
Silver HubCaps,United Kingdom,1,0,Alfa Romeo,Giulia,Sprint,NULL,NULL,Green,27:00.0,17500,500,14000,1360,225,150
Wonderland Wheels,United Kingdom,1,0,Alfa Romeo,Spider,NULL,NULL,NULL,Black,00:00.0,12500,NULL,10000,500,750,150
Alexei Tolstoi,United Kingdom,0,0,Jaguar,XJS,NULL,NULL,NULL,Red,00:00.0,9950,NULL,7960,500,750,150
Alexei Tolstoi,United Kingdom,0,0,Jaguar,E-Type,NULL,NULL,NULL,Black,00:00.0,39500,2450,31600,2000,750,550
SuperSport S.A.R.L.,France,1,1,Aston Martin,DB6,NULL,NULL,NULL,Black,00:00.0,49580,NULL,39664,660,500,550
M. Pierre Dubois,France,0,0,Triumph,TR4,NULL,NULL,NULL,Black,00:00.0,5500,NULL,4400,500,750,150
Honest Pete Motors,United Kingdom,1,0,Porsche,911,NULL,NULL,NULL,Night Blue,00:00.0,22150,500,17720,1360,750,150
Peter Smith,United Kingdom,0,0,Jaguar,XK120,NULL,NULL,NULL,Black,00:00.0,35000,NULL,28000,500,750,550
Vive La Vitesse,France,1,0,Jaguar,XK150,NULL,NULL,NULL,Red,00:00.0,29650,NULL,23720,660,750,150
Vive La Vitesse,France,1,0,Aston Martin,DB6,NULL,NULL,NULL,Red,00:00.0,45500,NULL,36400,500,750,550
Vive La Vitesse,France,1,0,Bentley,Flying Spur,NULL,NULL,NULL,Silver,00:00.0,99500,750,79600,2175,750,750
Liverpool Executive Prestige Vehicles,United Kingdom,1,0,Porsche,944,NULL,NULL,NULL,Night Blue,00:00.0,15650,NULL,12520,500,225,150
Antonio Maura,Spain,0,0,Porsche,911,NULL,NULL,NULL,Silver,36:00.0,49500,NULL,39600,500,500,550
Jason B. Wight,United States,0,0,Alfa Romeo,Giulia,Sprint,NULL,NULL,British Racing Green,00:00.0,12500,750,10000,500,750,150
Mrs. Ivana Telford,United Kingdom,0,0,Ferrari,Testarossa,NULL,NULL,NULL,Black,00:00.0,195000,NULL,156000,3950,3150,1950
Alexei Tolstoi,United Kingdom,0,0,Ferrari,355,NULL,NULL,NULL,Black,00:00.0,205000,NULL,164000,9250,750,1950
Convertible Dreams,United Kingdom,1,0,Porsche,959,NULL,NULL,NULL,Black,00:00.0,66500,NULL,53200,1490,750,750
Kieran O'Harris,United Kingdom,0,0,Porsche,928,NULL,NULL,NULL,Night Blue,00:00.0,19500,NULL,15600,1360,750,150
Prestige Imports,Spain,1,0,Bentley,Flying Spur,NULL,NULL,NULL,Blue,00:00.0,79500,500,63600,2000,1500,750
Prestissimo!,Italy,1,0,Triumph,TR4,NULL,NULL,NULL,Silver,00:00.0,14590,NULL,11672,500,750,150
Prestige Imports,Spain,1,0,Triumph,TR5,NULL,NULL,NULL,Blue,00:00.0,12750,NULL,10200,970,750,150
Liverpool Executive Prestige Vehicles,United Kingdom,1,0,Aston Martin,DB6,NULL,NULL,NULL,Black,08:00.0,225000,NULL,180000,5500,3150,1950
Stan Collywobble,United Kingdom,0,1,Aston Martin,DB9,NULL,NULL,NULL,Dark Purple,00:00.0,45600,NULL,36480,500,500,550
Silver HubCaps,United Kingdom,1,0,Triumph,TR6,NULL,NULL,NULL,Black,00:00.0,6500,500,5200,500,750,150
Alexei Tolstoi,United Kingdom,0,0,Aston Martin,Virage,NULL,NULL,NULL,Pink,00:00.0,102500,1500,82000,2175,1500,750
SuperSport S.A.R.L.,France,1,1,Jaguar,XK120,NULL,NULL,NULL,Canary Yellow,00:00.0,99500,NULL,79600,2000,750,750
Convertible Dreams,United Kingdom,1,0,Aston Martin,Vanquish,NULL,NULL,NULL,Dark Purple,00:00.0,12500,750,10000,500,750,150
WunderKar,Germany,1,0,Aston Martin,Rapide,NULL,NULL,NULL,Red,00:00.0,61500,NULL,49200,1360,750,550
Le Luxe en Motion,Switzerland,1,1,Aston Martin,DB9,NULL,NULL,NULL,Red,00:00.0,79500,2450,63600,1490,750,750
Peter McLuckie,United Kingdom,0,0,Porsche,924,NULL,NULL,NULL,British Racing Green,00:00.0,16500,NULL,13200,500,750,150
Peter McLuckie,United Kingdom,0,0,Porsche,911,NULL,NULL,NULL,Black,00:00.0,33600,NULL,26880,500,500,550
Casseroles Chromes,France,1,0,Porsche,911,NULL,NULL,NULL,British Racing Green,00:00.0,66500,750,53200,2175,1500,750
Prestissimo!,Italy,1,0,Aston Martin,DB5,NULL,NULL,NULL,Red,00:00.0,45000,NULL,36000,500,150,550
Glitz,Germany,1,0,Porsche,944,NULL,NULL,NULL,Night Blue,00:00.0,19500,NULL,15600,500,750,150
Silver HubCaps,United Kingdom,1,0,Bentley,Flying Spur,NULL,NULL,NULL,Pink,00:00.0,76500,NULL,61200,2000,750,750
Convertible Dreams,United Kingdom,1,0,Aston Martin,Virage,NULL,NULL,NULL,Red,00:00.0,45900,500,36720,500,500,550
Diplomatic Cars,Belgium,1,0,Aston Martin,Vantage,NULL,NULL,NULL,Green,00:00.0,125000,1500,100000,500,2200,750
Laurent Saint Yves,France,0,0,Aston Martin,Vanquish,NULL,NULL,NULL,Green,00:00.0,65500,NULL,52400,500,750,750
Screamin' Wheels,United States,1,0,Bentley,Flying Spur,NULL,NULL,NULL,Blue,00:00.0,92150,NULL,73720,2175,225,750
Screamin' Wheels,United Kingdom,1,0,Porsche,928,NULL,NULL,NULL,Black,00:00.0,9500,NULL,7600,500,750,150
Prestissimo!,Italy,1,0,Triumph,TR6,NULL,NULL,NULL,Blue,00:00.0,9950,NULL,7960,500,225,150
King Leer Cars,United Kingdom,1,0,Triumph,TR5,NULL,NULL,NULL,Canary Yellow,00:00.0,5680,500,4544,500,150,150
Matterhorn Motors,Switzerland,1,0,Triumph,TR7,NULL,NULL,NULL,Black,00:00.0,19500,NULL,15600,2000,750,150
Alexei Tolstoi,United Kingdom,0,0,Triumph,GT6,NULL,NULL,NULL,Black,00:00.0,3500,NULL,2800,500,750,150
Le Luxe en Motion,Switzerland,1,1,Triumph,TR7,NULL,NULL,NULL,Black,00:00.0,3950,NULL,3160,500,150,150
Posh Vehicles Ltd,United Kingdom,1,0,Porsche,911,NULL,NULL,NULL,British Racing Green,00:00.0,20950,750,16760,1360,750,150
Birmingham Executive Prestige Vehicles,United Kingdom,1,0,Porsche,944,NULL,NULL,NULL,British Racing Green,00:00.0,7500,75,6000,500,750,150
Snazzy Roadsters,United Kingdom,1,1,Aston Martin,Virage,NULL,NULL,NULL,Dark Purple,00:00.0,56500,1500,45200,500,1500,550
Stan Collywobble,United Kingdom,0,1,Aston Martin,Vantage,NULL,NULL,NULL,British Racing Green,00:00.0,49500,750,39600,660,500,550
Prestige Imports,Spain,1,0,Porsche,911,NULL,NULL,NULL,Dark Purple,00:00.0,68900,NULL,55120,500,750,750
Magic Motors,United Kingdom,1,0,Aston Martin,Vanquish,NULL,NULL,NULL,Silver,00:00.0,55000,NULL,44000,500,150,550
M. Pierre Dubois,France,0,0,Jaguar,XJ12,NULL,NULL,NULL,Silver,00:00.0,3575,NULL,2860,500,750,150
Glittering Prize Cars Ltd,United Kingdom,1,0,Jaguar,XJ12,NULL,NULL,NULL,British Racing Green,00:00.0,35250,NULL,28200,500,750,550
La Bagnole de Luxe,France,1,0,Jaguar,XK120,NULL,NULL,NULL,Night Blue,00:00.0,19600,1250,15680,1360,150,150
La Bagnole de Luxe,France,1,0,Jaguar,XK120,NULL,NULL,NULL,Black,00:00.0,27890,NULL,22312,970,500,150
Alexei Tolstoi,United Kingdom,0,0,Porsche,911,NULL,NULL,NULL,Night Blue,00:00.0,45950,NULL,36760,970,750,550
King Leer Cars,United Kingdom,1,0,Porsche,924,NULL,NULL,NULL,Black,00:00.0,9950,NULL,7960,500,150,150
Honest Pete Motors,United Kingdom,1,0,Triumph,TR5,NULL,NULL,NULL,Black,00:00.0,6550,750,5240,500,750,150
Diplomatic Cars,Belgium,1,0,Triumph,TR6,NULL,NULL,NULL,Red,02:00.0,12500,750,10000,500,750,150
Stan Collywobble,United Kingdom,0,1,Bentley,Arnage,NULL,NULL,NULL,Canary Yellow,00:00.0,76500,1500,61200,2175,750,750
Capots Reluisants S.A.,France,1,0,Bentley,Brooklands,NULL,NULL,NULL,Blue,00:00.0,189500,1500,151600,500,1500,1950
Prestige Imports,Spain,1,0,Rolls Royce,Phantom,NULL,NULL,NULL,Green,00:00.0,119600,NULL,95680,1490,2200,750
Executive Motor Delight,United Kingdom,1,0,Bentley,Arnage,NULL,NULL,NULL,Silver,00:00.0,85650,2450,68520,2175,750,750
Executive Motor Delight,United Kingdom,1,0,Triumph,TR7,NULL,NULL,NULL,Black,00:00.0,9950,NULL,7960,500,750,150
Alicia Almodovar,Spain,0,0,Triumph,TR6,NULL,NULL,NULL,Black,00:00.0,12500,NULL,10000,500,750,150
Ronaldo Bianco,Italy,0,0,Aston Martin,DB4,NULL,NULL,NULL,Black,00:00.0,12500,750,10000,500,750,150
Birmingham Executive Prestige Vehicles,United Kingdom,1,0,Aston Martin,DB5,NULL,NULL,NULL,Silver,00:00.0,56890,2450,45512,2000,750,550
Glittering Prize Cars Ltd,United Kingdom,1,0,Aston Martin,DB6,NULL,NULL,NULL,Silver,00:00.0,55000,2450,44000,660,500,550
Honest Pete Motors,United Kingdom,1,0,Triumph,TR6,NULL,NULL,NULL,Black,00:00.0,9990,NULL,7992,500,750,150
Honest Pete Motors,United Kingdom,1,0,Aston Martin,DB9,NULL,NULL,NULL,British Racing Green,00:00.0,46500,NULL,37200,2000,750,550
Honest Pete Motors,United Kingdom,1,0,Triumph,TR7,NULL,NULL,NULL,Black,00:00.0,9500,NULL,7600,500,750,150
Honest Pete Motors,United Kingdom,1,0,Aston Martin,Virage,NULL,NULL,NULL,Red,00:00.0,125500,NULL,100400,3950,1500,1950
Prestissimo!,Italy,1,0,Rolls Royce,Phantom,NULL,NULL,NULL,Dark Purple,00:00.0,99500,5000,79600,1490,750,750
La Bagnole de Luxe,France,1,0,Rolls Royce,Ghost,NULL,NULL,NULL,Night Blue,00:00.0,60500,NULL,48400,500,1500,550
Convertible Dreams,United Kingdom,1,0,Lamborghini,Countach,NULL,NULL,NULL,Black,00:00.0,123500,5000,98800,2000,750,750
Glitz,Germany,1,0,Lamborghini,Diabolo,NULL,NULL,NULL,Night Blue,00:00.0,25000,NULL,20000,1360,750,150
Vive La Vitesse,France,1,0,Lamborghini,Diabolo,NULL,NULL,NULL,British Racing Green,00:00.0,169500,NULL,135600,9250,1500,1950
Liverpool Executive Prestige Vehicles,United Kingdom,1,0,Bentley,Brooklands,NULL,NULL,NULL,Black,00:00.0,99500,NULL,79600,2175,750,750
Alicia Almodovar,Spain,0,0,Porsche,959,NULL,NULL,NULL,Canary Yellow,00:00.0,39500,NULL,31600,500,500,550
Vive La Vitesse,France,1,0,Porsche,Boxster,NULL,NULL,NULL,Pink,12:00.0,22500,NULL,18000,1360,750,150
Peter Smith,United Kingdom,0,0,Aston Martin,Virage,NULL,NULL,NULL,Green,55:00.0,125000,NULL,100000,500,1500,750
Eat My Exhaust Ltd,United Kingdom,1,0,Rolls Royce,Silver Shadow,NULL,NULL,NULL,Black,56:00.0,85000,NULL,68000,1490,1500,750
La Bagnole de Luxe,France,1,0,Peugeot,203,NULL,NULL,NULL,Silver,56:00.0,1250,NULL,1000,500,750,150
Le Luxe en Motion,Switzerland,1,1,Mercedes,280SL,NULL,NULL,NULL,Silver,52:00.0,22500,NULL,18000,500,750,150
Magic Motors,United Kingdom,1,0,Ferrari,355,NULL,NULL,NULL,Black,57:00.0,125950,12500,100760,9250,2200,1950
Le Luxe en Motion,Switzerland,1,1,Triumph,TR7,NULL,NULL,NULL,Black,58:00.0,8850,NULL,7080,500,750,150
Posh Vehicles Ltd,United Kingdom,1,0,Triumph,TR5,NULL,NULL,NULL,Pink,58:00.0,9950,NULL,7960,500,750,150
Vive La Vitesse,France,1,0,Aston Martin,Vanquish,NULL,NULL,NULL,Black,59:00.0,56500,2450,45200,500,750,550
Screamin' Wheels,United Kingdom,1,0,Aston Martin,Rapide,NULL,NULL,NULL,Black,59:00.0,55000,NULL,44000,500,750,550
Honest Pete Motors,United Kingdom,1,0,Aston Martin,Vanquish,NULL,NULL,NULL,Night Blue,00:00.0,56950,750,45560,1360,750,550
Vive La Vitesse,France,1,0,Ferrari,Enzo,NULL,NULL,NULL,Black,00:00.0,365000,NULL,292000,3950,750,1950
Laurent Saint Yves,France,0,0,Ferrari,Enzo,NULL,NULL,NULL,British Racing Green,01:00.0,395000,NULL,316000,9250,2200,1950
Screamin' Wheels,United States,1,0,Alfa Romeo,Giulietta,NULL,NULL,NULL,Dark Purple,01:00.0,21500,NULL,17200,500,500,150
Screamin' Wheels,United Kingdom,1,0,Austin,Lichfield,NULL,NULL,NULL,Pink,02:00.0,6500,NULL,5200,500,750,150
Magic Motors,United Kingdom,1,0,Austin,Princess,NULL,NULL,NULL,Canary Yellow,03:00.0,2250,NULL,1800,500,750,150
London Executive Prestige Vehicles,United Kingdom,1,1,Peugeot,404,NULL,NULL,NULL,Blue,03:00.0,3500,NULL,2800,500,750,150
Glittering Prize Cars Ltd,United Kingdom,1,0,Triumph,TR7,NULL,NULL,NULL,Blue,04:00.0,5680,750,4544,500,750,150
SuperSport S.A.R.L.,France,1,1,Triumph,TR5,NULL,NULL,NULL,Black,04:00.0,8550,NULL,6840,500,750,150
Honest Pete Motors,United Kingdom,1,0,Lagonda,V12,NULL,NULL,NULL,Blue,05:00.0,156500,10000,125200,2000,1500,1950
King Leer Cars,United Kingdom,1,0,Aston Martin,DB9,NULL,NULL,NULL,Silver,05:00.0,56500,NULL,45200,660,750,550
Diplomatic Cars,Belgium,1,0,Aston Martin,Rapide,NULL,NULL,NULL,Silver,06:00.0,86500,1250,69200,2000,1500,750
Magic Motors,United Kingdom,1,0,Aston Martin,Vantage,NULL,NULL,NULL,Black,06:00.0,66500,NULL,53200,2175,1500,750
Casseroles Chromes,France,1,0,Porsche,959,NULL,NULL,NULL,Green,07:00.0,55600,NULL,44480,660,750,550
Glitz,Germany,1,0,Lamborghini,Jarama,NULL,1970,1976,Green,07:00.0,305000,NULL,244000,3950,3150,1950
Screamin' Wheels,United Kingdom,1,0,Aston Martin,DB5,NULL,NULL,NULL,Night Blue,09:00.0,42950,NULL,34360,970,750,550
Kieran O'Harris,United Kingdom,0,0,Citroen,Rosalie,Coupe,NULL,NULL,British Racing Green,09:00.0,990,NULL,792,500,150,150
Prestige Imports,Spain,1,0,Delahaye,145,NULL,NULL,NULL,Black,10:00.0,29500,1500,23600,970,750,150
Laurent Saint Yves,France,0,0,Rolls Royce,Silver Seraph,NULL,NULL,NULL,British Racing Green,10:00.0,139500,NULL,111600,9250,2200,1950
Honest Pete Motors,United Kingdom,1,0,Bugatti,57C,NULL,NULL,NULL,Black,11:00.0,295000,NULL,236000,5500,750,1950
Vive La Vitesse,France,1,0,Bugatti,Veyron,NULL,NULL,NULL,Red,11:00.0,220500,NULL,176400,9250,2200,1950
Liverpool Executive Prestige Vehicles,United Kingdom,1,0,Rolls Royce,Phantom,NULL,NULL,NULL,Red,12:00.0,79500,1500,63600,500,750,750
Peter Smith,United Kingdom,0,0,Rolls Royce,Wraith,NULL,NULL,NULL,Red,12:00.0,162500,NULL,130000,3950,3150,1950
Sport.Car,Italy,1,0,Jaguar,XK150,NULL,NULL,NULL,Black,13:00.0,79500,NULL,63600,2175,750,750
Autos Sportivos,Spain,1,0,Citroen,Torpedo,,NULL,NULL,Blue,13:00.0,65890,NULL,52712,500,750,750
Ronaldo Bianco,Italy,0,0,Aston Martin,DB2,NULL,NULL,NULL,Black,14:00.0,61500,NULL,49200,1360,750,550
Alicia Almodovar,Spain,0,0,Porsche,924,NULL,NULL,NULL,Blue,14:00.0,12500,NULL,10000,500,750,150
Magic Motors,United Kingdom,1,0,Ferrari,Enzo,NULL,NULL,NULL,Black,15:00.0,255000,NULL,204000,9250,1500,1950
Le Luxe en Motion,France,1,0,Ferrari,F50,NULL,NULL,NULL,Blue,15:00.0,255950,500,204760,5500,750,1950
Screamin' Wheels Corp,United States,1,0,Ferrari,F40,NULL,NULL,NULL,Black,16:00.0,250000,2450,200000,3950,3150,1950
Prestissimo!,Italy,1,0,Alfa Romeo,Giulietta,NULL,NULL,NULL,Blue,16:00.0,6500,NULL,5200,500,750,150
Stan Collywobble,United Kingdom,0,1,Triumph,GT6,NULL,NULL,NULL,Silver,17:00.0,9250,NULL,7400,500,750,150
London Executive Prestige Vehicles,United Kingdom,1,1,Reliant,Robin,NULL,NULL,NULL,Black,17:00.0,950,NULL,760,500,750,150
M. Pierre Dubois,France,0,0,McLaren,P1,NULL,NULL,NULL,Silver,18:00.0,295000,NULL,236000,9250,3150,1950
Pierre Blanc,United Kingdom,0,0,Delorean,DMC 12,NULL,NULL,NULL,Night Blue,18:00.0,99500,NULL,79600,1490,750,750
Capots Reluisants S.A.,France,1,0,BMW,E30,NULL,NULL,NULL,Black,19:00.0,33500,750,26800,500,750,550
Glitz,Germany,1,0,Aston Martin,DB2,NULL,NULL,NULL,Night Blue,19:00.0,45000,2450,36000,500,750,550
Laurent Saint Yves,France,0,0,Aston Martin,DB4,NULL,NULL,NULL,Black,20:00.0,36500,NULL,29200,500,500,550
Laurent Saint Yves,France,0,0,Aston Martin,DB9,NULL,NULL,NULL,Canary Yellow,20:00.0,77500,NULL,62000,1490,1500,750
Matterhorn Motors,Switzerland,1,0,Citroen,Rosalie,Coupe,NULL,NULL,British Racing Green,20:00.0,2350,NULL,1880,500,225,150
London Executive Prestige Vehicles,United Kingdom,1,1,Mercedes,280SL,NULL,NULL,NULL,Black,21:00.0,32500,500,26000,1360,750,550
Posh Vehicles Ltd,United Kingdom,1,0,Noble,M600,NULL,NULL,NULL,Blue,21:00.0,45000,1500,36000,500,750,550
Bling Motors,United Kingdom,1,0,Trabant,600,NULL,NULL,NULL,Red,00:00.0,1250,NULL,1000,500,225,150
Le Luxe en Motion,Switzerland,1,1,Triumph,TR5,NULL,NULL,NULL,Green,22:00.0,8500,NULL,6800,500,750,150
My Shiny Sports Car Ltd.,United Kingdom,1,0,Triumph,TR4,NULL,NULL,NULL,Dark Purple,00:00.0,6590,750,5272,500,750,150
WunderKar,Germany,1,0,Aston Martin,DB9,NULL,NULL,NULL,Green,22:00.0,99500,NULL,79600,2175,750,750
Antonio Maura,Spain,0,0,Triumph,Roadster,NULL,NULL,NULL,Blue,24:00.0,12950,750,10360,1360,750,150
King Leer Cars,United Kingdom,1,0,Alfa Romeo,Spider,NULL,NULL,NULL,Black,24:00.0,5650,NULL,4520,500,150,150
SuperSport S.A.R.L.,France,1,1,Jaguar,XK150,NULL,NULL,NULL,Black,25:00.0,29500,1500,23600,500,150,150
Stefan Van Helsing,Belgium,0,0,Peugeot,205,GTI,NULL,NULL,Black,25:00.0,3950,750,3160,500,750,150
Stefan Van Helsing,Belgium,0,0,Noble,M600,NULL,NULL,NULL,Black,25:00.0,29500,750,23600,1360,750,150
Stefan Van Helsing,Belgium,0,0,Alfa Romeo,Spider,NULL,NULL,NULL,Black,25:00.0,12500,NULL,10000,500,750,150
Mme Anne Duport,France,0,0,Rolls Royce,Silver Seraph,NULL,NULL,NULL,Blue,26:00.0,99950,NULL,79960,1490,750,750
Birmingham Executive Prestige Vehicles,United Kingdom,1,0,Bugatti,57C,NULL,NULL,NULL,Silver,26:00.0,335000,1250,268000,2000,2200,1950
M. Pierre Dubois,France,0,0,Aston Martin,DB9,NULL,NULL,NULL,Silver,27:00.0,56500,NULL,45200,500,750,550
London Executive Prestige Vehicles,United Kingdom,1,1,Aston Martin,Rapide,NULL,NULL,NULL,Night Blue,27:00.0,99500,NULL,79600,2175,750,750
SuperSport S.A.R.L.,France,1,1,Rolls Royce,Silver Shadow,NULL,NULL,NULL,Silver,28:00.0,135000,1500,108000,2000,1500,1950
King Leer Cars,United Kingdom,1,0,Rolls Royce,Corniche,NULL,NULL,NULL,British Racing Green,28:00.0,89500,NULL,71600,500,750,750
Matterhorn Motors,Switzerland,1,0,Rolls Royce,Wraith,NULL,NULL,NULL,Dark Purple,29:00.0,165000,NULL,132000,9250,3150,1950
Screamin' Wheels,United States,1,0,Mercedes,250SL,Sports Pagoda,NULL,NULL,Black,29:00.0,22600,500,18080,1360,500,150
Capots Reluisants S.A.,France,1,0,Mercedes,350SL,NULL,NULL,NULL,Dark Purple,30:00.0,32675,NULL,26140,660,500,550
Vive La Vitesse,France,1,0,Mercedes,500SL,NULL,NULL,NULL,Night Blue,30:00.0,45000,NULL,36000,2000,500,550
Silver HubCaps,United Kingdom,1,0,BMW,Isetta,NULL,NULL,NULL,Blue,31:00.0,5500,NULL,4400,500,750,150
Eat My Exhaust Ltd,United Kingdom,1,0,Noble,M600,NULL,NULL,NULL,Black,31:00.0,55000,2450,44000,500,500,550
Sondra Horowitz,United States,0,0,Aston Martin,DB2,NULL,NULL,NULL,Green,32:00.0,49500,NULL,39600,1360,500,550
Alicia Almodovar,Spain,0,0,Ferrari,Testarossa,NULL,NULL,NULL,Black,32:00.0,250000,NULL,200000,500,2200,1950
Vive La Vitesse,France,1,0,Ferrari,355,NULL,NULL,NULL,Red,33:00.0,155000,500,124000,9250,750,1950
Theo Kowalski,United States,0,0,Porsche,944,NULL,NULL,NULL,Pink,33:00.0,15750,NULL,12600,1360,750,150
Honest Pete Motors,United Kingdom,1,0,Porsche,928,NULL,NULL,NULL,Black,34:00.0,19500,NULL,15600,1360,750,150
Laurent Saint Yves,France,0,0,Lamborghini,Diabolo,NULL,NULL,NULL,Black,34:00.0,235000,750,188000,500,1500,1950
Convertible Dreams,United Kingdom,1,0,Alfa Romeo,Giulia,Sprint,NULL,NULL,Black,35:00.0,25000,1500,20000,1360,750,150
Stefano DiLonghi,Italy,0,0,Lamborghini,Jarama,NULL,1970,1976,British Racing Green,35:00.0,245000,NULL,196000,500,3150,1950
Antonio Maura,Spain,0,0,Triumph,TR3A,NULL,NULL,NULL,Black,36:00.0,39500,NULL,31600,970,500,550
Stefan Van Helsing,Belgium,0,0,Triumph,Roadster,NULL,NULL,NULL,Black,36:00.0,23500,NULL,18800,1360,500,150
Stefan Van Helsing,Belgium,0,0,Alfa Romeo,Giulia,Sprint,NULL,NULL,Black,36:00.0,10500,NULL,8400,500,750,150
Mme Anne Duport,France,0,0,Alfa Romeo,Spider,NULL,NULL,NULL,Blue,37:00.0,11500,750,9200,500,150,150
Vive La Vitesse,France,1,0,Alfa Romeo,1750,GTV,NULL,NULL,Blue,00:00.0,9950,NULL,7960,500,750,150
Mme Anne Duport,France,0,0,Porsche,911,NULL,NULL,NULL,Black,37:00.0,51200,NULL,40960,1360,500,550
Snazzy Roadsters,United Kingdom,1,1,Aston Martin,DB2,NULL,NULL,NULL,Black,37:00.0,45950,NULL,36760,500,150,550
Glittering Prize Cars Ltd,United Kingdom,1,0,Porsche,924,NULL,NULL,NULL,Red,38:00.0,21600,NULL,17280,1360,750,150
Glitz,Germany,1,0,Austin,Lichfield,NULL,NULL,NULL,Night Blue,39:00.0,23600,NULL,18880,1360,750,150
Prestige Imports,Spain,1,0,Bentley,Arnage,NULL,NULL,NULL,Black,39:00.0,99950,NULL,79960,1490,750,750
Sport.Car,Italy,1,0,Aston Martin,DB4,NULL,NULL,NULL,Silver,40:00.0,46900,NULL,37520,500,1500,550
Pierre Blanc,United Kingdom,0,0,Porsche,911,NULL,NULL,NULL,Black,40:00.0,45950,NULL,36760,2000,500,550
Capots Reluisants S.A.,France,1,0,Porsche,924,NULL,NULL,NULL,Red,41:00.0,7550,NULL,6040,500,750,150
Antonio Maura,Spain,0,0,Porsche,924,NULL,NULL,NULL,Green,41:00.0,11990,900,9592,500,750,150
Screamin' Wheels,United States,1,0,Porsche,944,NULL,NULL,NULL,Black,42:00.0,12500,NULL,10000,500,750,150
Screamin' Wheels,United Kingdom,1,0,Porsche,944,NULL,NULL,NULL,Blue,42:00.0,7500,NULL,6000,500,750,150
King Leer Cars,United Kingdom,1,0,Aston Martin,DB4,NULL,NULL,NULL,Canary Yellow,00:00.0,56850,NULL,45480,500,1500,550
Clubbing Cars,United Kingdom,1,0,Aston Martin,DB4,NULL,NULL,NULL,Pink,00:00.0,56950,NULL,45560,500,1500,550
Silver HubCaps,United Kingdom,1,0,Aston Martin,DB2,NULL,NULL,NULL,British Racing Green,00:00.0,62500,1250,50000,500,750,550
Honest Pete Motors,United Kingdom,1,0,Aston Martin,DB4,NULL,NULL,NULL,Black,00:00.0,42500,NULL,34000,2000,150,550
Screamin' Wheels,United States,1,0,Aston Martin,DB9,NULL,NULL,NULL,Black,00:00.0,65450,1250,52360,500,1500,750
Jean-Yves Truffaut,France,0,0,Peugeot,203,NULL,NULL,NULL,British Racing Green,00:00.0,1950,NULL,1560,500,750,150
Mr. Evan Telford,United Kingdom,0,0,Austin,Princess,NULL,NULL,NULL,Black,00:00.0,1150,NULL,920,500,750,150
Ralph Obermann,Germany,0,0,Alfa Romeo,Giulietta,NULL,NULL,NULL,Night Blue,00:00.0,11550,NULL,9240,500,750,150
Pierre Blanc,United Kingdom,0,0,Triumph,TR5,NULL,NULL,NULL,Black,00:00.0,12570,500,10056,2000,500,150
Capots Reluisants S.A.,France,1,0,Triumph,TR7,NULL,NULL,NULL,Black,00:00.0,9890,NULL,7912,500,225,150
Glittering Prize Cars Ltd,United Kingdom,1,0,Bentley,Flying Spur,NULL,NULL,NULL,Night Blue,00:00.0,56950,NULL,45560,2000,500,550
Prestige Imports,Spain,1,0,Noble,M600,NULL,NULL,NULL,Dark Purple,00:00.0,45950,NULL,36760,660,1500,550
Stefan Van Helsing,Belgium,0,0,Peugeot,205,GTI,NULL,NULL,British Racing Green,00:00.0,950,25,760,500,750,150
Laurent Saint Yves,France,0,0,Jaguar,XK120,NULL,NULL,NULL,Black,00:00.0,21550,1250,17240,970,750,150
Silver HubCaps,United Kingdom,1,0,Alfa Romeo,Spider,NULL,NULL,NULL,Black,00:00.0,5950,NULL,4760,500,225,150
La Bagnole de Luxe,France,1,0,Bugatti,57C,NULL,NULL,NULL,Red,00:00.0,365000,NULL,284000,9250,7500,1950
M. Pierre Dubois,France,0,0,Rolls Royce,Silver Seraph,NULL,NULL,NULL,Black,00:00.0,120000,NULL,96000,2175,750,750
Le Luxe en Motion,Switzerland,1,1,Porsche,928,NULL,NULL,NULL,British Racing Green,00:00.0,17850,750,14280,1360,150,150
Le Luxe en Motion,Switzerland,1,1,Aston Martin,Virage,NULL,NULL,NULL,Pink,00:00.0,103650,NULL,82920,1490,750,750
Sondra Horowitz,United States,0,0,Rolls Royce,Phantom,NULL,NULL,NULL,Green,00:00.0,182500,17500,146000,5500,1500,1950
ImpressTheNeighbours.Com,United Kingdom,1,0,Austin,Cambridge,NULL,NULL,NULL,Black,00:00.0,22500,NULL,18000,1360,750,150
Wladimir Lacroix,France,0,0,BMW,Alpina,NULL,NULL,NULL,Black,00:00.0,21500,NULL,17200,500,750,150
Boris Spry,United Kingdom,0,0,Rolls Royce,Ghost,NULL,NULL,NULL,Blue,00:00.0,98950,NULL,79160,1490,750,750
Andrea Tarbuck,United Kingdom,0,0,Bugatti,57C,NULL,NULL,NULL,Blue,00:00.0,355000,NULL,284000,9250,2200,1950
Vive La Vitesse,France,1,0,Austin,Princess,NULL,NULL,NULL,Black,00:00.0,6000,NULL,4800,500,750,150
Alicia Almodovar,Spain,0,0,Alfa Romeo,Giulietta,NULL,NULL,NULL,Night Blue,00:00.0,5690,750,4552,500,750,150
Theo Kowalski,United States,0,0,Aston Martin,DB9,NULL,NULL,NULL,Silver,00:00.0,56900,500,45520,1360,500,550
Antonio Maura,Spain,0,0,Lamborghini,400GT,NULL,NULL,NULL,Black,00:00.0,145000,NULL,116000,9250,1500,1950
Antonio Maura,Spain,0,0,Ferrari,Daytona,NULL,NULL,NULL,Silver,00:00.0,99500,NULL,79600,500,1500,750
Antonio Maura,Spain,0,0,Ferrari,Dino,NULL,NULL,NULL,Dark Purple,00:00.0,123500,750,98800,2175,1500,750
Capots Reluisants S.A.,France,1,0,Ferrari,F50,NULL,NULL,NULL,Silver,00:00.0,310000,NULL,248000,9250,7900,1950
Pierre Blanc,United Kingdom,0,0,Porsche,944,NULL,NULL,NULL,Canary Yellow,00:00.0,9800,35,7840,500,750,150
Alicia Almodovar,Spain,0,0,Porsche,928,NULL,NULL,NULL,Silver,00:00.0,15950,NULL,12760,500,500,150
Kieran O'Harris,United Kingdom,0,0,Lamborghini,Diabolo,NULL,NULL,NULL,Black,00:00.0,255000,NULL,204000,2000,150,1950
Kieran O'Harris,United Kingdom,0,0,Mercedes,250SL,Sports Pagoda,NULL,NULL,Green,00:00.0,12950,NULL,10360,1360,750,150
King Leer Cars,United Kingdom,1,0,Ferrari,Mondial,NULL,NULL,NULL,Black,00:00.0,155000,NULL,124000,3950,3150,1950
Screamin' Wheels,United States,1,0,Austin,Princess,NULL,NULL,NULL,Red,00:00.0,2500,NULL,2000,500,750,150
Screamin' Wheels,United States,1,0,Mercedes,280SL,NULL,NULL,NULL,Green,00:00.0,39500,2450,31600,500,750,550
Executive Motor Delight,United Kingdom,1,0,Mercedes,350SL,NULL,NULL,NULL,Black,00:00.0,23500,NULL,18800,1360,750,150
Alicia Almodovar,Spain,0,0,Aston Martin,DB6,NULL,NULL,NULL,Black,00:00.0,45950,NULL,36760,500,750,550
Screamin' Wheels,United States,1,0,Aston Martin,DB9,NULL,NULL,NULL,Blue,00:00.0,55000,750,44000,500,750,550
ImpressTheNeighbours.Com,United Kingdom,1,0,Aston Martin,Virage,NULL,NULL,NULL,Blue,00:00.0,100000,NULL,80000,500,750,750
Beltway Prestige Driving,United Kingdom,1,0,Aston Martin,DB6,NULL,NULL,NULL,British Racing Green,00:00.0,44885,NULL,35908,2000,750,550
Bling Motors,United Kingdom,1,0,Lagonda,V12,NULL,NULL,NULL,Black,00:00.0,61500,NULL,49200,500,750,550
Clubbing Cars,United Kingdom,1,0,Peugeot,404,NULL,NULL,NULL,Black,00:00.0,950,NULL,760,500,750,150
Smooth Rocking Chrome,Italy,1,1,Ferrari,Dino,NULL,NULL,NULL,British Racing Green,00:00.0,195000,NULL,156000,9250,750,1950
YO! Speed!,Spain,1,0,Aston Martin,DB2,NULL,NULL,NULL,Green,00:00.0,52500,1575,42000,500,750,550
Birmingham Executive Prestige Vehicles,United Kingdom,1,0,Citroen,Rosalie,Coupe,NULL,NULL,Black,00:00.0,1350,NULL,1080,500,750,150
Silver HubCaps,United Kingdom,1,0,Peugeot,404,NULL,NULL,NULL,Canary Yellow,00:00.0,2495,45,1996,500,750,150
Laurent Saint Yves,France,0,0,Ferrari,F40,NULL,NULL,NULL,Dark Purple,00:00.0,269500,NULL,215600,5500,1500,1950
Stephany Rousso,United States,0,0,Ferrari,F50,NULL,NULL,NULL,Green,00:00.0,195000,NULL,156000,3950,1500,1950
My Shiny Sports Car Ltd.,United Kingdom,1,0,Noble,M600,NULL,NULL,NULL,Black,00:00.0,25950,1250,20760,1360,750,150
Beltway Prestige Driving,United Kingdom,1,0,Triumph,TR4,NULL,NULL,NULL,Black,00:00.0,9990,NULL,7992,500,750,150
Smooth Rocking Chrome,Italy,1,1,Ferrari,360,NULL,NULL,NULL,British Racing Green,00:00.0,135000,NULL,108000,5500,5600,1950
Laurent Saint Yves,France,0,0,Porsche,959,NULL,NULL,NULL,Black,00:00.0,89500,NULL,71600,1490,750,750
Kieran O'Harris,United Kingdom,0,0,Alfa Romeo,Giulietta,NULL,NULL,NULL,Blue,00:00.0,18500,NULL,14800,500,750,150
Matterhorn Motors,Switzerland,1,0,Alfa Romeo,1750,GTV,NULL,NULL,Black,00:00.0,3575,750,2860,500,750,150
Flash Voitures,Belgium,1,0,Triumph,TR4,NULL,NULL,NULL,Red,00:00.0,6950,NULL,5560,500,457,150
Snazzy Roadsters,United Kingdom,1,1,Jaguar,XK150,NULL,NULL,NULL,Night Blue,00:00.0,26500,NULL,21200,500,750,150
Paul Blasio,United States,0,0,Jaguar,Mark V,NULL,NULL,NULL,Black,00:00.0,33500,NULL,26800,2000,750,550
Glittering Prize Cars Ltd,United Kingdom,1,0,Jaguar,Mark X,NULL,NULL,NULL,British Racing Green,00:00.0,24500,NULL,19600,1360,750,150
King Leer Cars,United Kingdom,1,0,Bentley,Continental,NULL,NULL,NULL,Night Blue,00:00.0,99500,500,79600,500,1050,750
Executive Motor Delight,United Kingdom,1,0,Aston Martin,DB2,NULL,NULL,NULL,Silver,00:00.0,99990,NULL,79992,2000,750,750
Mary Blackhouse,United Kingdom,0,0,Alfa Romeo,Giulia,Sprint,NULL,NULL,Black,00:00.0,6950,1250,5560,500,1050,150
Maurice Dujardin,United Kingdom,0,0,Alfa Romeo,Giulietta,NULL,NULL,NULL,Black,00:00.0,10500,1500,8400,500,750,150
Bling Motors,United Kingdom,1,0,Mercedes,280SL,NULL,NULL,NULL,Black,00:00.0,33450,NULL,26760,1360,750,550
Mr. Evan Telford,United Kingdom,0,0,Aston Martin,Virage,NULL,NULL,NULL,Night Blue,00:00.0,72500,NULL,58000,2175,1500,750
Leslie Whittington,United Kingdom,0,0,Peugeot,404,NULL,NULL,NULL,Canary Yellow,00:00.0,2400,NULL,1920,500,750,150
Mike Beeton,United Kingdom,0,1,Jaguar,XK120,NULL,NULL,NULL,Dark Purple,00:00.0,68500,2450,54800,500,1500,750
Le Luxe en Motion,Switzerland,1,1,Peugeot,404,NULL,NULL,NULL,British Racing Green,00:00.0,2350,NULL,1880,500,750,150
ImpressTheNeighbours.Com,United Kingdom,1,0,Morgan,Plus 4,NULL,NULL,NULL,Pink,00:00.0,18500,1950,14800,970,1050,150
Melissa Bertrand,United Kingdom,0,0,Noble,M14,NULL,NULL,NULL,Blue,00:00.0,5500,NULL,4400,500,750,150
El Sport,Spain,1,0,Ferrari,360,NULL,NULL,NULL,Blue,00:00.0,128500,12500,102800,3950,2200,1950
Stephany Rousso,United States,0,0,Aston Martin,DB9,NULL,NULL,NULL,Silver,00:00.0,55000,NULL,44000,1360,1500,550
Smooth Rocking Chrome,Italy,1,1,Peugeot,404,NULL,NULL,NULL,Red,00:00.0,1250,NULL,1000,500,750,150
Bling Bling S.A.,France,1,0,Bugatti,57C,NULL,NULL,NULL,Red,00:00.0,345000,NULL,276000,5500,457,1950
Bravissima!,Italy,1,0,Aston Martin,DB6,NULL,NULL,NULL,Green,00:00.0,82590,NULL,66072,1490,457,750
Jayden Jones,United States,0,0,Aston Martin,DB6,NULL,NULL,NULL,Night Blue,00:00.0,113590,NULL,90872,500,225,750
Stephany Rousso,United States,0,0,Aston Martin,Virage,NULL,NULL,NULL,Black,00:00.0,45000,1250,36000,1360,750,550
YO! Speed!,Spain,1,0,Aston Martin,Vanquish,NULL,NULL,NULL,Night Blue,00:00.0,57600,NULL,46080,2000,1500,550
Pierre Blanc,United Kingdom,0,0,Aston Martin,Vantage,NULL,NULL,NULL,Black,00:00.0,102500,NULL,82000,2175,1500,750
Mr. Evan Telford,United Kingdom,0,0,Aston Martin,DB2,NULL,NULL,NULL,Blue,00:00.0,39500,NULL,31600,970,750,550
Expensive Shine,United Kingdom,1,0,Aston Martin,DB9,NULL,NULL,NULL,Black,00:00.0,61550,NULL,49240,660,750,550
Steve Docherty,United Kingdom,0,0,Aston Martin,Virage,NULL,NULL,NULL,Blue,00:00.0,55000,NULL,44000,1360,1500,550
Rodolph Legler,Germany,0,0,Bentley,Mulsanne,NULL,NULL,NULL,Silver,00:00.0,99500,1250,79600,2000,750,750
Le Luxe en Motion,Switzerland,1,1,Bentley,Arnage,NULL,NULL,NULL,Silver,00:00.0,56800,750,45440,500,750,550
Screamin' Wheels,United States,1,0,Bentley,Continental,NULL,NULL,NULL,Dark Purple,00:00.0,89500,NULL,71600,1490,750,750
SuperSport S.A.R.L.,France,1,1,Bentley,Flying Spur,NULL,NULL,NULL,British Racing Green,00:00.0,72500,NULL,58000,1490,225,750
Convertible Dreams,United Kingdom,1,0,Bentley,Mulsanne,NULL,NULL,NULL,Red,00:00.0,56950,NULL,45560,970,750,550
ImpressTheNeighbours.Com,United Kingdom,1,0,Mercedes,280SL,NULL,NULL,NULL,Canary Yellow,00:00.0,62500,NULL,50000,500,225,550
Antonio Maura,Spain,0,0,Mercedes,280SL,NULL,NULL,NULL,Silver,00:00.0,56890,NULL,45512,1360,750,550
Wladimir Lacroix,France,0,0,Mercedes,350SL,NULL,NULL,NULL,Dark Purple,00:00.0,33600,NULL,26880,2000,457,550
Pete Spring,United Kingdom,0,1,Mercedes,500SL,NULL,NULL,NULL,Silver,00:00.0,30500,2450,24400,1360,750,150
Khader El Ghannam,France,0,0,Citroen,Traaction Avant,NULL,NULL,NULL,Green,00:00.0,25000,NULL,20000,1360,457,150
Khader El Ghannam,France,0,0,Delahaye,135,NULL,NULL,NULL,Dark Purple,00:00.0,25500,NULL,20400,1360,750,150
Expensive Shine,United Kingdom,1,0,Delahaye,145,NULL,NULL,NULL,Night Blue,00:00.0,39500,NULL,31600,970,750,550
Bravissima!,Italy,1,0,Delahaye,175,NULL,NULL,NULL,Pink,00:00.0,12500,NULL,10000,500,457,150
Mary Blackhouse,United Kingdom,0,0,Trabant,500,NULL,NULL,NULL,Red,00:00.0,1150,1500,920,500,750,150
Mary Blackhouse,United Kingdom,0,0,Trabant,600,NULL,NULL,NULL,Red,00:00.0,1950,NULL,1560,500,750,150
Mary Blackhouse,United Kingdom,0,0,Trabant,500,NULL,NULL,NULL,Blue,00:00.0,2500,NULL,2000,500,750,150
Jacques Mitterand,France,0,0,Aston Martin,DB5,NULL,NULL,NULL,Blue,00:00.0,69500,NULL,55600,2000,457,750
Francoise LeBrun,Switzerland,0,0,Aston Martin,DB9,NULL,NULL,NULL,Silver,00:00.0,45000,NULL,36000,500,750,550
Stephany Rousso,United States,0,0,Aston Martin,Vanquish,NULL,NULL,NULL,Black,00:00.0,56990,NULL,45592,970,457,550
Jayden Jones,United States,0,0,Jaguar,Mark X,NULL,NULL,NULL,Red,00:00.0,86500,2450,69200,2175,750,750
Alex McWhirter,United Kingdom,0,0,Jaguar,XJ12,NULL,NULL,NULL,Black,00:00.0,17850,1250,14280,970,750,150
Francois Chirac,France,0,0,Jaguar,Mark V,NULL,NULL,NULL,Black,00:00.0,25950,NULL,20760,1360,457,150
Andy Cheshire,United Kingdom,0,0,Jaguar,XK150,NULL,NULL,NULL,Black,00:00.0,29500,NULL,23600,660,750,150
Casseroles Chromes,France,1,0,Jaguar,XK120,NULL,NULL,NULL,Blue,00:00.0,59000,4500,47200,2000,750,550
Stephany Rousso,United States,0,0,Triumph,TR5,NULL,NULL,NULL,Green,00:00.0,9500,NULL,7600,500,750,150
Laurent Saint Yves,France,0,0,Triumph,TR5,NULL,NULL,NULL,British Racing Green,00:00.0,8900,NULL,7120,500,750,150
Matterhorn Motors,Switzerland,1,0,Triumph,TR4,NULL,NULL,NULL,Black,00:00.0,11590,NULL,9272,500,250,150
Posh Vehicles Ltd,United Kingdom,1,0,Triumph,TR4,NULL,NULL,NULL,Red,00:00.0,8500,NULL,6800,500,750,150
Jason B. Wight,United States,0,0,Aston Martin,DB9,NULL,NULL,NULL,Black,00:00.0,59500,NULL,47600,500,500,550
Ronaldo Bianco,Italy,0,0,Aston Martin,Virage,NULL,NULL,NULL,Black,00:00.0,123500,3500,98800,2000,3150,750
Andrea Tarbuck,United Kingdom,0,0,Aston Martin,DB9,NULL,NULL,NULL,Night Blue,00:00.0,99500,NULL,79600,1490,750,750
Boris Spry,United Kingdom,0,0,Aston Martin,DB6,NULL,NULL,NULL,Black,00:00.0,54500,NULL,43600,970,289,550
Boris Spry,United Kingdom,0,0,Trabant,600,NULL,NULL,NULL,Black,00:00.0,1590,NULL,1272,500,750,150
Antonio Maura,Spain,0,0,Triumph,TR5,NULL,NULL,NULL,Black,00:00.0,11500,NULL,9200,500,750,150
Screamin' Wheels,United States,1,0,Alfa Romeo,Giulietta,NULL,NULL,NULL,Night Blue,00:00.0,17950,1500,14360,2000,1050,150
Laurent Saint Yves,France,0,0,Citroen,Rosalie,Coupe,NULL,NULL,Black,00:00.0,5500,NULL,4400,500,750,150
Mrs. Ivana Telford,United Kingdom,0,0,Reliant,Robin,NULL,NULL,NULL,Black,00:00.0,950,NULL,760,500,750,150
Andy Cheshire,United Kingdom,0,0,Ferrari,Daytona,NULL,NULL,NULL,Black,00:00.0,145000,5000,116000,3950,NULL,1950
